{
  "api/tokenholders新" : {
    "transaction" : "api/tokenholders新",
    "sampleCount" : 50,
    "errorCount" : 50,
    "errorPct" : 100.0,
    "meanResTime" : 7014.859999999999,
    "minResTime" : 7009.0,
    "maxResTime" : 7018.0,
    "pct1ResTime" : 7017.0,
    "pct2ResTime" : 7018.0,
    "pct3ResTime" : 7018.0,
    "throughput" : 0.0645460284183254,
    "receivedKBytesPerSec" : 0.1669750285938906,
    "sentKBytesPerSec" : 0.0
  },
  "api/account/list  " : {
    "transaction" : "api/account/list  ",
    "sampleCount" : 50,
    "errorCount" : 0,
    "errorPct" : 0.0,
    "meanResTime" : 37.82,
    "minResTime" : 23.0,
    "maxResTime" : 95.0,
    "pct1ResTime" : 67.0,
    "pct2ResTime" : 69.35,
    "pct3ResTime" : 95.0,
    "throughput" : 0.06512248236483177,
    "receivedKBytesPerSec" : 0.07488322317865441,
    "sentKBytesPerSec" : 0.008967060560001251
  },
  "api/account/list新" : {
    "transaction" : "api/account/list新",
    "sampleCount" : 50,
    "errorCount" : 50,
    "errorPct" : 100.0,
    "meanResTime" : 7014.779999999999,
    "minResTime" : 7009.0,
    "maxResTime" : 7019.0,
    "pct1ResTime" : 7017.0,
    "pct2ResTime" : 7017.45,
    "pct3ResTime" : 7019.0,
    "throughput" : 0.06454094606700383,
    "receivedKBytesPerSec" : 0.16696188098778628,
    "sentKBytesPerSec" : 0.0
  },
  "api/trc10trc20-transfer新" : {
    "transaction" : "api/trc10trc20-transfer新",
    "sampleCount" : 50,
    "errorCount" : 50,
    "errorPct" : 100.0,
    "meanResTime" : 7014.9400000000005,
    "minResTime" : 7009.0,
    "maxResTime" : 7020.0,
    "pct1ResTime" : 7016.9,
    "pct2ResTime" : 7018.0,
    "pct3ResTime" : 7020.0,
    "throughput" : 0.06457478793639643,
    "receivedKBytesPerSec" : 0.16704942699561923,
    "sentKBytesPerSec" : 0.0
  },
  "api/token新" : {
    "transaction" : "api/token新",
    "sampleCount" : 50,
    "errorCount" : 50,
    "errorPct" : 100.0,
    "meanResTime" : 7014.759999999999,
    "minResTime" : 7009.0,
    "maxResTime" : 7017.0,
    "pct1ResTime" : 7016.0,
    "pct2ResTime" : 7016.0,
    "pct3ResTime" : 7017.0,
    "throughput" : 0.06454636171522919,
    "receivedKBytesPerSec" : 0.16697589080433806,
    "sentKBytesPerSec" : 0.0
  },
  "api/token_trc20/holders新" : {
    "transaction" : "api/token_trc20/holders新",
    "sampleCount" : 50,
    "errorCount" : 50,
    "errorPct" : 100.0,
    "meanResTime" : 7015.099999999999,
    "minResTime" : 7009.0,
    "maxResTime" : 7018.0,
    "pct1ResTime" : 7016.9,
    "pct2ResTime" : 7017.45,
    "pct3ResTime" : 7018.0,
    "throughput" : 0.06454952820749833,
    "receivedKBytesPerSec" : 0.16698408224771785,
    "sentKBytesPerSec" : 0.0
  },
  "api/account新" : {
    "transaction" : "api/account新",
    "sampleCount" : 50,
    "errorCount" : 50,
    "errorPct" : 100.0,
    "meanResTime" : 7015.319999999998,
    "minResTime" : 7009.0,
    "maxResTime" : 7017.0,
    "pct1ResTime" : 7016.0,
    "pct2ResTime" : 7017.0,
    "pct3ResTime" : 7017.0,
    "throughput" : 0.06454111268878275,
    "receivedKBytesPerSec" : 0.1669623120240093,
    "sentKBytesPerSec" : 0.0
  },
  "api/vote/witness" : {
    "transaction" : "api/vote/witness",
    "sampleCount" : 50,
    "errorCount" : 0,
    "errorPct" : 0.0,
    "meanResTime" : 56.91999999999999,
    "minResTime" : 46.0,
    "maxResTime" : 100.0,
    "pct1ResTime" : 87.9,
    "pct2ResTime" : 96.0,
    "pct3ResTime" : 100.0,
    "throughput" : 0.06512672357873951,
    "receivedKBytesPerSec" : 4.079827982413179,
    "sentKBytesPerSec" : 0.008967644555275656
  },
  "api/transfer新" : {
    "transaction" : "api/transfer新",
    "sampleCount" : 50,
    "errorCount" : 50,
    "errorPct" : 100.0,
    "meanResTime" : 7015.599999999999,
    "minResTime" : 7009.0,
    "maxResTime" : 7020.0,
    "pct1ResTime" : 7017.9,
    "pct2ResTime" : 7020.0,
    "pct3ResTime" : 7020.0,
    "throughput" : 0.06451479711386604,
    "receivedKBytesPerSec" : 0.16689423589319446,
    "sentKBytesPerSec" : 0.0
  },
  "api/vote/witness新" : {
    "transaction" : "api/vote/witness新",
    "sampleCount" : 50,
    "errorCount" : 50,
    "errorPct" : 100.0,
    "meanResTime" : 7013.620000000002,
    "minResTime" : 7009.0,
    "maxResTime" : 7019.0,
    "pct1ResTime" : 7017.0,
    "pct2ResTime" : 7017.0,
    "pct3ResTime" : 7019.0,
    "throughput" : 0.06454561180203602,
    "receivedKBytesPerSec" : 0.16697395084335298,
    "sentKBytesPerSec" : 0.0
  },
  "api/trc10trc20-transfer" : {
    "transaction" : "api/trc10trc20-transfer",
    "sampleCount" : 50,
    "errorCount" : 0,
    "errorPct" : 0.0,
    "meanResTime" : 101.18000000000002,
    "minResTime" : 23.0,
    "maxResTime" : 1028.0,
    "pct1ResTime" : 195.5999999999999,
    "pct2ResTime" : 809.9499999999994,
    "pct3ResTime" : 1028.0,
    "throughput" : 0.06513486825821546,
    "receivedKBytesPerSec" : 0.6208128965899291,
    "sentKBytesPerSec" : 0.02003660498177526
  },
  "api/transfer" : {
    "transaction" : "api/transfer",
    "sampleCount" : 50,
    "errorCount" : 0,
    "errorPct" : 0.0,
    "meanResTime" : 228.76,
    "minResTime" : 23.0,
    "maxResTime" : 782.0,
    "pct1ResTime" : 589.8,
    "pct2ResTime" : 645.1999999999998,
    "pct3ResTime" : 782.0,
    "throughput" : 0.06509950459277006,
    "receivedKBytesPerSec" : 0.2339055715411006,
    "sentKBytesPerSec" : 0.00870960168868115
  },
  "api/token_trc20/transfers" : {
    "transaction" : "api/token_trc20/transfers",
    "sampleCount" : 50,
    "errorCount" : 0,
    "errorPct" : 0.0,
    "meanResTime" : 160.64000000000004,
    "minResTime" : 23.0,
    "maxResTime" : 2038.0,
    "pct1ResTime" : 695.5999999999995,
    "pct2ResTime" : 1019.4999999999991,
    "pct3ResTime" : 2038.0,
    "throughput" : 0.06513088050437353,
    "receivedKBytesPerSec" : 0.39944056644326775,
    "sentKBytesPerSec" : 0.017618412011436983
  },
  "api/token" : {
    "transaction" : "api/token",
    "sampleCount" : 50,
    "errorCount" : 0,
    "errorPct" : 0.0,
    "meanResTime" : 24.499999999999996,
    "minResTime" : 23.0,
    "maxResTime" : 27.0,
    "pct1ResTime" : 26.0,
    "pct2ResTime" : 26.449999999999996,
    "pct3ResTime" : 27.0,
    "throughput" : 0.06513410460797736,
    "receivedKBytesPerSec" : 0.8061643038727435,
    "sentKBytesPerSec" : 0.008523408220184537
  },
  "api/asset/transfer" : {
    "transaction" : "api/asset/transfer",
    "sampleCount" : 50,
    "errorCount" : 0,
    "errorPct" : 0.0,
    "meanResTime" : 235.62,
    "minResTime" : 23.0,
    "maxResTime" : 1172.0,
    "pct1ResTime" : 601.7,
    "pct2ResTime" : 863.4999999999985,
    "pct3ResTime" : 1172.0,
    "throughput" : 0.06509094506844963,
    "receivedKBytesPerSec" : 0.22296318431737824,
    "sentKBytesPerSec" : 0.009089848774207323
  },
  "api/witness新" : {
    "transaction" : "api/witness新",
    "sampleCount" : 50,
    "errorCount" : 50,
    "errorPct" : 100.0,
    "meanResTime" : 7013.8,
    "minResTime" : 7009.0,
    "maxResTime" : 7019.0,
    "pct1ResTime" : 7017.0,
    "pct2ResTime" : 7019.0,
    "pct3ResTime" : 7019.0,
    "throughput" : 0.06454869488993803,
    "receivedKBytesPerSec" : 0.16698192652680255,
    "sentKBytesPerSec" : 0.0
  },
  "api/token_trc20新" : {
    "transaction" : "api/token_trc20新",
    "sampleCount" : 50,
    "errorCount" : 50,
    "errorPct" : 100.0,
    "meanResTime" : 7013.560000000001,
    "minResTime" : 7009.0,
    "maxResTime" : 7020.0,
    "pct1ResTime" : 7019.0,
    "pct2ResTime" : 7020.0,
    "pct3ResTime" : 7020.0,
    "throughput" : 0.06454636171522919,
    "receivedKBytesPerSec" : 0.16697589080433806,
    "sentKBytesPerSec" : 0.0
  },
  "api/token_trc20/transfers新" : {
    "transaction" : "api/token_trc20/transfers新",
    "sampleCount" : 50,
    "errorCount" : 50,
    "errorPct" : 100.0,
    "meanResTime" : 7015.38,
    "minResTime" : 7009.0,
    "maxResTime" : 7019.0,
    "pct1ResTime" : 7017.0,
    "pct2ResTime" : 7018.0,
    "pct3ResTime" : 7019.0,
    "throughput" : 0.06454686166703888,
    "receivedKBytesPerSec" : 0.1669771841367051,
    "sentKBytesPerSec" : 0.0
  },