{
  "Total" : {
    "transaction" : "Total",
    "sampleCount" : 40000,
    "errorCount" : 20000,
    "errorPct" : 50.0,
    "meanResTime" : 165.77877500000113,
    "minResTime" : 0.0,
    "maxResTime" : 1577.0,
    "pct1ResTime" : 573.0,
    "pct2ResTime" : 631.0,
    "pct3ResTime" : 832.9900000000016,
    "throughput" : 30.033615123727234,
    "receivedKBytesPerSec" : 74.24736845698924,
    "sentKBytesPerSec" : 2.0619008000485795
  },
  "api/block新接口不带参数" : {
    "transaction" : "api/block新接口不带参数",
    "sampleCount" : 10000,
    "errorCount" : 10000,
    "errorPct" : 100.0,
    "meanResTime" : 0.6575000000000014,
    "minResTime" : 0.0,
    "maxResTime" : 10.0,
    "pct1ResTime" : 1.0,
    "pct2ResTime" : 1.0,
    "pct3ResTime" : 1.0,
    "throughput" : 7.512211099141655,
    "receivedKBytesPerSec" : 19.389427670929095,
    "sentKBytesPerSec" : 0.0
  },
  "api/block老接口" : {
    "transaction" : "api/block老接口",
    "sampleCount" : 10000,
    "errorCount" : 0,
    "errorPct" : 0.0,
    "meanResTime" : 65.47449999999961,
    "minResTime" : 48.0,
    "maxResTime" : 717.0,
    "pct1ResTime" : 83.0,
    "pct2ResTime" : 105.0,
    "pct3ResTime" : 204.98999999999978,
    "throughput" : 7.511833014956811,
    "receivedKBytesPerSec" : 4.393120213788646,
    "sentKBytesPerSec" : 1.0871845112294392
  },
  "api/block老接口不带参数" : {
    "transaction" : "api/block老接口不带参数",
    "sampleCount" : 10000,
    "errorCount" : 0,
    "errorPct" : 0.0,
    "meanResTime" : 596.3504999999982,
    "minResTime" : 517.0,
    "maxResTime" : 1577.0,
    "pct1ResTime" : 712.0,
    "pct2ResTime" : 803.0,
    "pct3ResTime" : 991.9799999999996,
    "throughput" : 7.508804072775329,
    "receivedKBytesPerSec" : 31.09871006372159,
    "sentKBytesPerSec" : 0.9752645914835144
  },
  "api/block新接口" : {
    "transaction" : "api/block新接口",
    "sampleCount" : 10000,
    "errorCount" : 10000,
    "errorPct" : 100.0,
    "meanResTime" : 0.6325999999999963,
    "minResTime" : 0.0,
    "maxResTime" : 2.0,
    "pct1ResTime" : 1.0,
    "pct2ResTime" : 1.0,
    "pct3ResTime" : 1.0,
    "throughput" : 7.512132093330729,
    "receivedKBytesPerSec" : 19.389223752610466,
    "sentKBytesPerSec" : 0.0
  }
}