{
  "api/tokenholders新" : {
    "transaction" : "api/tokenholders新",
    "sampleCount" : 50,
    "errorCount" : 50,
    "errorPct" : 100.0,
    "meanResTime" : 7015.660000000002,
    "minResTime" : 7009.0,
    "maxResTime" : 7019.0,
    "pct1ResTime" : 7018.0,
    "pct2ResTime" : 7018.0,
    "pct3ResTime" : 7019.0,
    "throughput" : 0.06387458098274876,
    "receivedKBytesPerSec" : 0.16523805178056783,
    "sentKBytesPerSec" : 0.0
  },
  "api/account/list  " : {
    "transaction" : "api/account/list  ",
    "sampleCount" : 50,
    "errorCount" : 0,
    "errorPct" : 0.0,
    "meanResTime" : 67.56,
    "minResTime" : 62.0,
    "maxResTime" : 94.0,
    "pct1ResTime" : 71.9,
    "pct2ResTime" : 87.79999999999998,
    "pct3ResTime" : 94.0,
    "throughput" : 0.06444312121235554,
    "receivedKBytesPerSec" : 0.057268789358636274,
    "sentKBytesPerSec" : 0.008810582978251736
  },
  "api/account/list新" : {
    "transaction" : "api/account/list新",
    "sampleCount" : 50,
    "errorCount" : 50,
    "errorPct" : 100.0,
    "meanResTime" : 7013.420000000001,
    "minResTime" : 7009.0,
    "maxResTime" : 7019.0,
    "pct1ResTime" : 7018.0,
    "pct2ResTime" : 7019.0,
    "pct3ResTime" : 7019.0,
    "throughput" : 0.06387368340370085,
    "receivedKBytesPerSec" : 0.16523572982070658,
    "sentKBytesPerSec" : 0.0
  },
  "api/trc10trc20-transfer新" : {
    "transaction" : "api/trc10trc20-transfer新",
    "sampleCount" : 50,
    "errorCount" : 50,
    "errorPct" : 100.0,
    "meanResTime" : 7014.119999999999,
    "minResTime" : 7009.0,
    "maxResTime" : 7020.0,
    "pct1ResTime" : 7017.9,
    "pct2ResTime" : 7019.0,
    "pct3ResTime" : 7020.0,
    "throughput" : 0.06386642210084763,
    "receivedKBytesPerSec" : 0.16521694545424354,
    "sentKBytesPerSec" : 0.0
  },
  "api/token新" : {
    "transaction" : "api/token新",
    "sampleCount" : 50,
    "errorCount" : 50,
    "errorPct" : 100.0,
    "meanResTime" : 7014.46,
    "minResTime" : 7011.0,
    "maxResTime" : 7017.0,
    "pct1ResTime" : 7015.0,
    "pct2ResTime" : 7016.45,
    "pct3ResTime" : 7017.0,
    "throughput" : 0.06387474418164955,
    "receivedKBytesPerSec" : 0.16523847396209929,
    "sentKBytesPerSec" : 0.0
  },
  "api/token_trc20/holders新" : {
    "transaction" : "api/token_trc20/holders新",
    "sampleCount" : 50,
    "errorCount" : 50,
    "errorPct" : 100.0,
    "meanResTime" : 7013.7199999999975,
    "minResTime" : 7009.0,
    "maxResTime" : 7020.0,
    "pct1ResTime" : 7019.0,
    "pct2ResTime" : 7019.0,
    "pct3ResTime" : 7020.0,
    "throughput" : 0.06387409139104996,
    "receivedKBytesPerSec" : 0.16523678524891733,
    "sentKBytesPerSec" : 0.0
  },
  "api/account新" : {
    "transaction" : "api/account新",
    "sampleCount" : 50,
    "errorCount" : 50,
    "errorPct" : 100.0,
    "meanResTime" : 7015.26,
    "minResTime" : 7009.0,
    "maxResTime" : 7017.0,
    "pct1ResTime" : 7017.0,
    "pct2ResTime" : 7017.0,
    "pct3ResTime" : 7017.0,
    "throughput" : 0.06387343861379309,
    "receivedKBytesPerSec" : 0.16523509657025184,
    "sentKBytesPerSec" : 0.0
  },
  "api/vote/witness" : {
    "transaction" : "api/vote/witness",
    "sampleCount" : 50,
    "errorCount" : 0,
    "errorPct" : 0.0,
    "meanResTime" : 83.10000000000002,
    "minResTime" : 81.0,
    "maxResTime" : 93.0,
    "pct1ResTime" : 84.0,
    "pct2ResTime" : 89.14999999999998,
    "pct3ResTime" : 93.0,
    "throughput" : 0.06444420098857405,
    "receivedKBytesPerSec" : 4.019203566342083,
    "sentKBytesPerSec" : 0.008810730603906608
  },
  "api/transfer新" : {
    "transaction" : "api/transfer新",
    "sampleCount" : 50,
    "errorCount" : 50,
    "errorPct" : 100.0,
    "meanResTime" : 7014.440000000001,
    "minResTime" : 7009.0,
    "maxResTime" : 7019.0,
    "pct1ResTime" : 7018.0,
    "pct2ResTime" : 7019.0,
    "pct3ResTime" : 7019.0,
    "throughput" : 0.06387588659730598,
    "receivedKBytesPerSec" : 0.16524142929322608,
    "sentKBytesPerSec" : 0.0
  },
  "api/vote/witness新" : {
    "transaction" : "api/vote/witness新",
    "sampleCount" : 50,
    "errorCount" : 50,
    "errorPct" : 100.0,
    "meanResTime" : 7013.619999999999,
    "minResTime" : 7010.0,
    "maxResTime" : 7020.0,
    "pct1ResTime" : 7016.8,
    "pct2ResTime" : 7018.9,
    "pct3ResTime" : 7020.0,
    "throughput" : 0.06387352021022052,
    "receivedKBytesPerSec" : 0.16523530765319744,
    "sentKBytesPerSec" : 0.0
  },
  "api/trc10trc20-transfer" : {
    "transaction" : "api/trc10trc20-transfer",
    "sampleCount" : 50,
    "errorCount" : 0,
    "errorPct" : 0.0,
    "meanResTime" : 138.21999999999997,
    "minResTime" : 33.0,
    "maxResTime" : 434.0,
    "pct1ResTime" : 326.9,
    "pct2ResTime" : 389.94999999999976,
    "pct3ResTime" : 434.0,
    "throughput" : 0.06443614506895956,
    "receivedKBytesPerSec" : 0.5958455641191193,
    "sentKBytesPerSec" : 0.019758739796536428
  },
  "api/transfer" : {
    "transaction" : "api/transfer",
    "sampleCount" : 50,
    "errorCount" : 0,
    "errorPct" : 0.0,
    "meanResTime" : 632.6800000000001,
    "minResTime" : 541.0,
    "maxResTime" : 1004.0,
    "pct1ResTime" : 739.1999999999999,
    "pct2ResTime" : 838.9999999999999,
    "pct3ResTime" : 1004.0,
    "throughput" : 0.06440377560694117,
    "receivedKBytesPerSec" : 0.21255258568278307,
    "sentKBytesPerSec" : 0.008553626447796876
  },
  "api/token_trc20/transfers" : {
    "transaction" : "api/token_trc20/transfers",
    "sampleCount" : 50,
    "errorCount" : 0,
    "errorPct" : 0.0,
    "meanResTime" : 131.92000000000002,
    "minResTime" : 40.0,
    "maxResTime" : 509.0,
    "pct1ResTime" : 377.9,
    "pct2ResTime" : 435.14999999999986,
    "pct3ResTime" : 509.0,
    "throughput" : 0.0644178813731831,
    "receivedKBytesPerSec" : 0.3767565347109312,
    "sentKBytesPerSec" : 0.017362632088865754
  },
  "api/token" : {
    "transaction" : "api/token",
    "sampleCount" : 50,
    "errorCount" : 0,
    "errorPct" : 0.0,
    "meanResTime" : 29.580000000000005,
    "minResTime" : 24.0,
    "maxResTime" : 147.0,
    "pct1ResTime" : 30.799999999999997,
    "pct2ResTime" : 60.299999999999855,
    "pct3ResTime" : 147.0,
    "throughput" : 0.06445026501948976,
    "receivedKBytesPerSec" : 0.7794453925794542,
    "sentKBytesPerSec" : 0.008370981687101696
  },
  "api/asset/transfer" : {
    "transaction" : "api/asset/transfer",
    "sampleCount" : 50,
    "errorCount" : 0,
    "errorPct" : 0.0,
    "meanResTime" : 621.52,
    "minResTime" : 534.0,
    "maxResTime" : 874.0,
    "pct1ResTime" : 800.0,
    "pct2ResTime" : 854.55,
    "pct3ResTime" : 874.0,
    "throughput" : 0.06438494988919351,
    "receivedKBytesPerSec" : 0.20226934413626946,
    "sentKBytesPerSec" : 0.008928381722915506
  },
  "api/witness新" : {
    "transaction" : "api/witness新",
    "sampleCount" : 50,
    "errorCount" : 50,
    "errorPct" : 100.0,
    "meanResTime" : 7013.280000000001,
    "minResTime" : 7011.0,
    "maxResTime" : 7020.0,
    "pct1ResTime" : 7015.0,
    "pct2ResTime" : 7017.9,
    "pct3ResTime" : 7020.0,
    "throughput" : 0.06387360180685646,
    "receivedKBytesPerSec" : 0.16523551873668235,
    "sentKBytesPerSec" : 0.0
  },
  "api/token_trc20新" : {
    "transaction" : "api/token_trc20新",
    "sampleCount" : 50,
    "errorCount" : 50,
    "errorPct" : 100.0,
    "meanResTime" : 7014.12,
    "minResTime" : 7013.0,
    "maxResTime" : 7016.0,
    "pct1ResTime" : 7015.0,
    "pct2ResTime" : 7015.0,
    "pct3ResTime" : 7016.0,
    "throughput" : 0.06387482578141268,
    "receivedKBytesPerSec" : 0.16523868505367403,
    "sentKBytesPerSec" : 0.0
  },
  "api/token_trc20/transfers新" : {
    "transaction" : "api/token_trc20/transfers新",
    "sampleCount" : 50,
    "errorCount" : 50,
    "errorPct" : 100.0,
    "meanResTime" : 7014.599999999999,
    "minResTime" : 7009.0,
    "maxResTime" : 7019.0,
    "pct1ResTime" : 7018.0,
    "pct2ResTime" : 7018.45,
    "pct3ResTime" : 7019.0,
    "throughput" : 0.06386160933809996,
    "receivedKBytesPerSec" : 0.16520449525061212,