{
  "api/tokenholders新" : {
    "transaction" : "api/tokenholders新",
    "sampleCount" : 1000,
    "errorCount" : 0,
    "errorPct" : 0.0,
    "meanResTime" : 523.9880000000003,
    "minResTime" : 27.0,
    "maxResTime" : 13729.0,
    "pct1ResTime" : 1344.5,
    "pct2ResTime" : 2291.1499999999987,
    "pct3ResTime" : 4352.310000000001,
    "throughput" : 0.28514790051303807,
    "receivedKBytesPerSec" : 0.37982591435525775,
    "sentKBytesPerSec" : 0.05040211913365224
  },
  "api/account/list  " : {
    "transaction" : "api/account/list  ",
    "sampleCount" : 1000,
    "errorCount" : 0,
    "errorPct" : 0.0,
    "meanResTime" : 59.945999999999984,
    "minResTime" : 49.0,
    "maxResTime" : 170.0,
    "pct1ResTime" : 71.0,
    "pct2ResTime" : 82.0,
    "pct3ResTime" : 99.0,
    "throughput" : 0.2851448107921608,
    "receivedKBytesPerSec" : 0.2534001736531898,
    "sentKBytesPerSec" : 0.038984642100490734
  },
  "api/account/list新" : {
    "transaction" : "api/account/list新",
    "sampleCount" : 1000,
    "errorCount" : 0,
    "errorPct" : 0.0,
    "meanResTime" : 249.22100000000012,
    "minResTime" : 16.0,
    "maxResTime" : 5546.0,
    "pct1ResTime" : 539.9,
    "pct2ResTime" : 1181.199999999999,
    "pct3ResTime" : 3695.790000000001,
    "throughput" : 0.2851512342343447,
    "receivedKBytesPerSec" : 0.3358324106314646,
    "sentKBytesPerSec" : 0.03842858430111286
  },
  "api/trc10trc20-transfer新" : {
    "transaction" : "api/trc10trc20-transfer新",
    "sampleCount" : 1000,
    "errorCount" : 0,
    "errorPct" : 0.0,
    "meanResTime" : 1459.284999999999,
    "minResTime" : 40.0,
    "maxResTime" : 19380.0,
    "pct1ResTime" : 3774.6,
    "pct2ResTime" : 4851.9,
    "pct3ResTime" : 8677.620000000003,
    "throughput" : 0.2858843460595703,
    "receivedKBytesPerSec" : 3.4482007404118677,
    "sentKBytesPerSec" : 0.08710538669002532
  },
  "api/token新" : {
    "transaction" : "api/token新",
    "sampleCount" : 1000,
    "errorCount" : 0,
    "errorPct" : 0.0,
    "meanResTime" : 113.65199999999983,
    "minResTime" : 26.0,
    "maxResTime" : 7499.0,
    "pct1ResTime" : 68.0,
    "pct2ResTime" : 102.94999999999993,
    "pct3ResTime" : 2952.8100000000004,
    "throughput" : 0.28519523039496686,
    "receivedKBytesPerSec" : 3.459207590399758,
    "sentKBytesPerSec" : 0.03648493670091862
  },
  "api/token_trc20/holders新" : {
    "transaction" : "api/token_trc20/holders新",
    "sampleCount" : 1000,
    "errorCount" : 0,
    "errorPct" : 0.0,
    "meanResTime" : 1479.4919999999977,
    "minResTime" : 829.0,
    "maxResTime" : 6080.0,
    "pct1ResTime" : 2034.5,
    "pct2ResTime" : 2336.8999999999987,
    "pct3ResTime" : 3343.5600000000004,
    "throughput" : 0.28508018592929724,
    "receivedKBytesPerSec" : 0.3304591608379647,
    "sentKBytesPerSec" : 0.040367799765379006
  },
  "api/account新" : {
    "transaction" : "api/account新",
    "sampleCount" : 1000,
    "errorCount" : 0,
    "errorPct" : 0.0,
    "meanResTime" : 6.419999999999996,
    "minResTime" : 0.0,
    "maxResTime" : 2165.0,
    "pct1ResTime" : 1.0,
    "pct2ResTime" : 1.0,
    "pct3ResTime" : 3.980000000000018,
    "throughput" : 0.2851557877357347,
    "receivedKBytesPerSec" : 0.023948630610618346,
    "sentKBytesPerSec" : 0.03703683571177023
  },
  "api/vote/witness" : {
    "transaction" : "api/vote/witness",
    "sampleCount" : 1000,
    "errorCount" : 0,
    "errorPct" : 0.0,
    "meanResTime" : 72.61599999999997,
    "minResTime" : 58.0,
    "maxResTime" : 297.0,
    "pct1ResTime" : 79.0,
    "pct2ResTime" : 84.0,
    "pct3ResTime" : 108.99000000000001,
    "throughput" : 0.28515017719232005,
    "receivedKBytesPerSec" : 17.77754884203721,
    "sentKBytesPerSec" : 0.03898537578801251
  },
  "api/transfer新" : {
    "transaction" : "api/transfer新",
    "sampleCount" : 1000,
    "errorCount" : 0,
    "errorPct" : 0.0,
    "meanResTime" : 1365.197,
    "minResTime" : 310.0,
    "maxResTime" : 7249.0,
    "pct1ResTime" : 2543.3999999999996,
    "pct2ResTime" : 3168.499999999999,
    "pct3ResTime" : 4971.42,
    "throughput" : 0.2851676600482104,
    "receivedKBytesPerSec" : 0.9864186072504163,
    "sentKBytesPerSec" : 0.037316861764121294
  },
  "api/vote/witness新" : {
    "transaction" : "api/vote/witness新",
    "sampleCount" : 1000,
    "errorCount" : 0,
    "errorPct" : 0.0,
    "meanResTime" : 85.834,
    "minResTime" : 18.0,
    "maxResTime" : 3104.0,
    "pct1ResTime" : 216.69999999999993,
    "pct2ResTime" : 446.1999999999989,
    "pct3ResTime" : 1160.800000000001,
    "throughput" : 0.2851543240944283,
    "receivedKBytesPerSec" : 17.919298782170042,
    "sentKBytesPerSec" : 0.03842900070803819
  },
  "api/trc10trc20-transfer" : {
    "transaction" : "api/trc10trc20-transfer",
    "sampleCount" : 1000,
    "errorCount" : 0,
    "errorPct" : 0.0,
    "meanResTime" : 97.87899999999993,
    "minResTime" : 32.0,
    "maxResTime" : 2264.0,
    "pct1ResTime" : 169.89999999999998,
    "pct2ResTime" : 430.0499999999987,
    "pct3ResTime" : 1028.98,
    "throughput" : 0.28587715401288616,
    "receivedKBytesPerSec" : 2.64352614389455,
    "sentKBytesPerSec" : 0.08766154917973269
  },
  "api/transfer" : {
    "transaction" : "api/transfer",
    "sampleCount" : 1000,
    "errorCount" : 0,
    "errorPct" : 0.0,
    "meanResTime" : 615.6240000000008,
    "minResTime" : 529.0,
    "maxResTime" : 1241.0,
    "pct1ResTime" : 697.9,
    "pct2ResTime" : 755.0,
    "pct3ResTime" : 936.7200000000003,
    "throughput" : 0.28515107161198466,
    "receivedKBytesPerSec" : 0.9390308825382894,
    "sentKBytesPerSec" : 0.037871626698466714
  },
  "api/token_trc20/transfers" : {
    "transaction" : "api/token_trc20/transfers",
    "sampleCount" : 1000,
    "errorCount" : 0,
    "errorPct" : 0.0,
    "meanResTime" : 94.382,
    "minResTime" : 29.0,
    "maxResTime" : 4660.0,
    "pct1ResTime" : 116.69999999999993,
    "pct2ResTime" : 209.94999999999993,
    "pct3ResTime" : 1189.99,
    "throughput" : 0.285289204799135,
    "receivedKBytesPerSec" : 1.6653264203301366,
    "sentKBytesPerSec" : 0.07689435598101685
  },
  "api/token" : {
    "transaction" : "api/token",
    "sampleCount" : 1000,
    "errorCount" : 0,
    "errorPct" : 0.0,
    "meanResTime" : 19.992000000000022,
    "minResTime" : 12.0,
    "maxResTime" : 584.0,
    "pct1ResTime" : 25.0,
    "pct2ResTime" : 41.94999999999993,
    "pct3ResTime" : 148.98000000000002,
    "throughput" : 0.2851965317820163,
    "receivedKBytesPerSec" : 3.4440823359535293,
    "sentKBytesPerSec" : 0.037042127663093914
  },
  "api/asset/transfer" : {
    "transaction" : "api/asset/transfer",
    "sampleCount" : 1000,
    "errorCount" : 0,
    "errorPct" : 0.0,
    "meanResTime" : 606.727,
    "minResTime" : 519.0,
    "maxResTime" : 2104.0,
    "pct1ResTime" : 675.9,
    "pct2ResTime" : 740.7999999999997,
    "pct3ResTime" : 968.99,
    "throughput" : 0.28519661311910127,
    "receivedKBytesPerSec" : 0.8935148616311592,
    "sentKBytesPerSec" : 0.039548749084875365
  },
  "api/witness新" : {
    "transaction" : "api/witness新",
    "sampleCount" : 1000,
    "errorCount" : 0,
    "errorPct" : 0.0,
    "meanResTime" : 152.45099999999996,
    "minResTime" : 31.0,
    "maxResTime" : 4015.0,
    "pct1ResTime" : 401.9,
    "pct2ResTime" : 895.0,
    "pct3ResTime" : 1932.8600000000001,
    "throughput" : 0.28515424278146295,
    "receivedKBytesPerSec" : 19.93837172988679,
    "sentKBytesPerSec" : 0.03703663504876423
  },
  "api/token_trc20新" : {
    "transaction" : "api/token_trc20新",
    "sampleCount" : 1000,
    "errorCount" : 0,
    "errorPct" : 0.0,
    "meanResTime" : 323.2059999999998,
    "minResTime" : 14.0,
    "maxResTime" : 19514.0,
    "pct1ResTime" : 835.3999999999999,
    "pct2ResTime" : 1638.949999999997,
    "pct3ResTime" : 4034.290000000002,
    "throughput" : 0.2851962064341405,
    "receivedKBytesPerSec" : 2.1286666072032574,
    "sentKBytesPerSec" : 0.038156133087380126
  },