{
  "api/tokenholders新" : {
    "transaction" : "api/tokenholders新",
    "sampleCount" : 50,
    "errorCount" : 0,
    "errorPct" : 0.0,
    "meanResTime" : 326.97999999999996,
    "minResTime" : 29.0,
    "maxResTime" : 2360.0,
    "pct1ResTime" : 882.0,
    "pct2ResTime" : 1001.6999999999995,
    "pct3ResTime" : 2360.0,
    "throughput" : 0.2866413657887797,
    "receivedKBytesPerSec" : 0.3818152567733355,
    "sentKBytesPerSec" : 0.050666100788837036
  },
  "api/account/list  " : {
    "transaction" : "api/account/list  ",
    "sampleCount" : 50,
    "errorCount" : 0,
    "errorPct" : 0.0,
    "meanResTime" : 62.50000000000001,
    "minResTime" : 49.0,
    "maxResTime" : 95.0,
    "pct1ResTime" : 83.9,
    "pct2ResTime" : 91.14999999999998,
    "pct3ResTime" : 95.0,
    "throughput" : 0.28597247800871645,
    "receivedKBytesPerSec" : 0.2541356982304023,
    "sentKBytesPerSec" : 0.0390977997277542
  },
  "api/account/list新" : {
    "transaction" : "api/account/list新",
    "sampleCount" : 50,
    "errorCount" : 0,
    "errorPct" : 0.0,
    "meanResTime" : 105.3,
    "minResTime" : 16.0,
    "maxResTime" : 1271.0,
    "pct1ResTime" : 358.59999999999985,
    "pct2ResTime" : 667.65,
    "pct3ResTime" : 1271.0,
    "throughput" : 0.2860984750951277,
    "receivedKBytesPerSec" : 0.33694800875461334,
    "sentKBytesPerSec" : 0.03855623980774183
  },
  "api/trc10trc20-transfer新" : {
    "transaction" : "api/trc10trc20-transfer新",
    "sampleCount" : 50,
    "errorCount" : 0,
    "errorPct" : 0.0,
    "meanResTime" : 1190.0800000000004,
    "minResTime" : 42.0,
    "maxResTime" : 9348.0,
    "pct1ResTime" : 3222.6,
    "pct2ResTime" : 4056.4999999999986,
    "pct3ResTime" : 9348.0,
    "throughput" : 0.30010023347798165,
    "receivedKBytesPerSec" : 3.619665999693898,
    "sentKBytesPerSec" : 0.09143678988782254
  },
  "api/token新" : {
    "transaction" : "api/token新",
    "sampleCount" : 50,
    "errorCount" : 0,
    "errorPct" : 0.0,
    "meanResTime" : 508.54,
    "minResTime" : 98.0,
    "maxResTime" : 4398.0,
    "pct1ResTime" : 1695.499999999999,
    "pct2ResTime" : 2387.849999999999,
    "pct3ResTime" : 4398.0,
    "throughput" : 0.2867959160261558,
    "receivedKBytesPerSec" : 3.4788008525008602,
    "sentKBytesPerSec" : 0.03668971191350235
  },
  "api/token_trc20/holders新" : {
    "transaction" : "api/token_trc20/holders新",
    "sampleCount" : 50,
    "errorCount" : 0,
    "errorPct" : 0.0,
    "meanResTime" : 1143.62,
    "minResTime" : 856.0,
    "maxResTime" : 2036.0,
    "pct1ResTime" : 1632.6999999999998,
    "pct2ResTime" : 1735.6999999999996,
    "pct3ResTime" : 2036.0,
    "throughput" : 0.2849960955534909,
    "receivedKBytesPerSec" : 0.33036168498241575,
    "sentKBytesPerSec" : 0.040355892436773615
  },
  "api/account新" : {
    "transaction" : "api/account新",
    "sampleCount" : 50,
    "errorCount" : 0,
    "errorPct" : 0.0,
    "meanResTime" : 0.9800000000000002,
    "minResTime" : 0.0,
    "maxResTime" : 2.0,
    "pct1ResTime" : 1.0,
    "pct2ResTime" : 2.0,
    "pct3ResTime" : 2.0,
    "throughput" : 0.28619345532806356,
    "receivedKBytesPerSec" : 0.02403577847481784,
    "sentKBytesPerSec" : 0.037171610897102005
  },
  "api/vote/witness" : {
    "transaction" : "api/vote/witness",
    "sampleCount" : 50,
    "errorCount" : 0,
    "errorPct" : 0.0,
    "meanResTime" : 72.61999999999996,
    "minResTime" : 58.0,
    "maxResTime" : 103.0,
    "pct1ResTime" : 79.9,
    "pct2ResTime" : 101.0,
    "pct3ResTime" : 103.0,
    "throughput" : 0.2860821055642969,
    "receivedKBytesPerSec" : 17.819612939851236,
    "sentKBytesPerSec" : 0.03911278787011872
  },
  "api/transfer新" : {
    "transaction" : "api/transfer新",
    "sampleCount" : 50,
    "errorCount" : 0,
    "errorPct" : 0.0,
    "meanResTime" : 1551.7999999999997,
    "minResTime" : 443.0,
    "maxResTime" : 4579.0,
    "pct1ResTime" : 3401.999999999999,
    "pct2ResTime" : 3790.8499999999985,
    "pct3ResTime" : 4579.0,
    "throughput" : 0.28717477456780194,
    "receivedKBytesPerSec" : 0.994954025113434,
    "sentKBytesPerSec" : 0.03757951151570846
  },
  "api/vote/witness新" : {
    "transaction" : "api/vote/witness新",
    "sampleCount" : 50,
    "errorCount" : 0,
    "errorPct" : 0.0,
    "meanResTime" : 68.53999999999999,
    "minResTime" : 19.0,
    "maxResTime" : 2317.0,
    "pct1ResTime" : 28.799999999999997,
    "pct2ResTime" : 59.34999999999999,
    "pct3ResTime" : 2317.0,
    "throughput" : 0.28615578320837864,
    "receivedKBytesPerSec" : 17.973042336748126,
    "sentKBytesPerSec" : 0.038563962971441657
  },
  "api/trc10trc20-transfer" : {
    "transaction" : "api/trc10trc20-transfer",
    "sampleCount" : 50,
    "errorCount" : 0,
    "errorPct" : 0.0,
    "meanResTime" : 162.05999999999997,
    "minResTime" : 32.0,
    "maxResTime" : 1447.0,
    "pct1ResTime" : 300.3,
    "pct2ResTime" : 1228.449999999999,
    "pct3ResTime" : 1447.0,
    "throughput" : 0.2977892128835525,
    "receivedKBytesPerSec" : 2.7536777898382407,
    "sentKBytesPerSec" : 0.09131427035687059
  },
  "api/transfer" : {
    "transaction" : "api/transfer",
    "sampleCount" : 50,
    "errorCount" : 0,
    "errorPct" : 0.0,
    "meanResTime" : 614.9999999999999,
    "minResTime" : 532.0,
    "maxResTime" : 963.0,
    "pct1ResTime" : 717.1999999999999,
    "pct2ResTime" : 785.9499999999999,
    "pct3ResTime" : 963.0,
    "throughput" : 0.28675150687916867,
    "receivedKBytesPerSec" : 0.9470696594682481,
    "sentKBytesPerSec" : 0.03808418450738959
  },
  "api/token_trc20/transfers" : {
    "transaction" : "api/token_trc20/transfers",
    "sampleCount" : 50,
    "errorCount" : 0,
    "errorPct" : 0.0,
    "meanResTime" : 227.62000000000015,
    "minResTime" : 30.0,
    "maxResTime" : 3391.0,
    "pct1ResTime" : 289.0999999999999,
    "pct2ResTime" : 1817.8999999999974,
    "pct3ResTime" : 3391.0,
    "throughput" : 0.2935598832805904,
    "receivedKBytesPerSec" : 1.7169239657885311,
    "sentKBytesPerSec" : 0.07912356229047163
  },
  "api/token" : {
    "transaction" : "api/token",
    "sampleCount" : 50,
    "errorCount" : 0,
    "errorPct" : 0.0,
    "meanResTime" : 15.520000000000001,
    "minResTime" : 12.0,
    "maxResTime" : 34.0,
    "pct1ResTime" : 25.0,
    "pct2ResTime" : 27.799999999999983,
    "pct3ResTime" : 34.0,
    "throughput" : 0.2869341658249931,
    "receivedKBytesPerSec" : 3.4695496496533833,
    "sentKBytesPerSec" : 0.03726781645969149
  },
  "api/asset/transfer" : {
    "transaction" : "api/asset/transfer",
    "sampleCount" : 50,
    "errorCount" : 0,
    "errorPct" : 0.0,
    "meanResTime" : 596.8800000000001,
    "minResTime" : 533.0,
    "maxResTime" : 759.0,
    "pct1ResTime" : 677.2,
    "pct2ResTime" : 707.35,
    "pct3ResTime" : 759.0,
    "throughput" : 0.28771182783324223,
    "receivedKBytesPerSec" : 0.9026452854820611,
    "sentKBytesPerSec" : 0.03989753862531289
  },
  "api/witness新" : {
    "transaction" : "api/witness新",
    "sampleCount" : 50,
    "errorCount" : 0,
    "errorPct" : 0.0,
    "meanResTime" : 38.20000000000001,
    "minResTime" : 32.0,
    "maxResTime" : 74.0,
    "pct1ResTime" : 47.9,
    "pct2ResTime" : 68.69999999999997,
    "pct3ResTime" : 74.0,
    "throughput" : 0.28623277594270763,
    "receivedKBytesPerSec" : 20.00370179482262,
    "sentKBytesPerSec" : 0.03717671796912121
  },
  "api/token_trc20新" : {
    "transaction" : "api/token_trc20新",
    "sampleCount" : 50,
    "errorCount" : 0,
    "errorPct" : 0.0,
    "meanResTime" : 230.04,
    "minResTime" : 14.0,
    "maxResTime" : 3659.0,
    "pct1ResTime" : 661.4,
    "pct2ResTime" : 1454.099999999997,
    "pct3ResTime" : 3659.0,
    "throughput" : 0.28690946858628225,
    "receivedKBytesPerSec" : 2.1414541683642145,
    "sentKBytesPerSec" : 0.03838534882453191
  },
  "api/token_trc20/transfers新" : {
    "transaction" : "api/token_trc20/transfers新",
    "sampleCount" : 50,
    "errorCount" : 0,
    "errorPct" : 0.0,
    "meanResTime" : 7329.82,
    "minResTime" : 2679.0,