{
  "api/tokenholders新" : {
    "transaction" : "api/tokenholders新",
    "sampleCount" : 50,
    "errorCount" : 0,
    "errorPct" : 0.0,
    "meanResTime" : 118.51999999999998,
    "minResTime" : 30.0,
    "maxResTime" : 1826.0,
    "pct1ResTime" : 133.09999999999994,
    "pct2ResTime" : 805.3499999999997,
    "pct3ResTime" : 1826.0,
    "throughput" : 0.2488020182819723,
    "receivedKBytesPerSec" : 0.3316550341356369,
    "sentKBytesPerSec" : 0.043977700497106434
  },
  "api/account/list  " : {
    "transaction" : "api/account/list  ",
    "sampleCount" : 50,
    "errorCount" : 0,
    "errorPct" : 0.0,
    "meanResTime" : 59.99999999999999,
    "minResTime" : 49.0,
    "maxResTime" : 98.0,
    "pct1ResTime" : 74.6,
    "pct2ResTime" : 82.14999999999998,
    "pct3ResTime" : 98.0,
    "throughput" : 0.248389196063528,
    "receivedKBytesPerSec" : 0.22073649259551806,
    "sentKBytesPerSec" : 0.03395946039931047
  },
  "api/account/list新" : {
    "transaction" : "api/account/list新",
    "sampleCount" : 50,
    "errorCount" : 0,
    "errorPct" : 0.0,
    "meanResTime" : 259.46000000000004,
    "minResTime" : 17.0,
    "maxResTime" : 10067.0,
    "pct1ResTime" : 170.79999999999993,
    "pct2ResTime" : 322.25,
    "pct3ResTime" : 10067.0,
    "throughput" : 0.24849165565020329,
    "receivedKBytesPerSec" : 0.29289983239237827,
    "sentKBytesPerSec" : 0.033488133280984426
  },
  "api/trc10trc20-transfer新" : {
    "transaction" : "api/trc10trc20-transfer新",
    "sampleCount" : 50,
    "errorCount" : 0,
    "errorPct" : 0.0,
    "meanResTime" : 1160.4399999999996,
    "minResTime" : 41.0,
    "maxResTime" : 7708.0,
    "pct1ResTime" : 3206.8,
    "pct2ResTime" : 3861.5499999999984,
    "pct3ResTime" : 7708.0,
    "throughput" : 0.25731547906995894,
    "receivedKBytesPerSec" : 3.1036166816338504,
    "sentKBytesPerSec" : 0.07840081002912812
  },
  "api/token新" : {
    "transaction" : "api/token新",
    "sampleCount" : 50,
    "errorCount" : 0,
    "errorPct" : 0.0,
    "meanResTime" : 174.02,
    "minResTime" : 76.0,
    "maxResTime" : 1728.0,
    "pct1ResTime" : 204.99999999999991,
    "pct2ResTime" : 855.3999999999958,
    "pct3ResTime" : 1728.0,
    "throughput" : 0.2487846868049578,
    "receivedKBytesPerSec" : 3.0177290964886527,
    "sentKBytesPerSec" : 0.031826947237743625
  },
  "api/token_trc20/holders新" : {
    "transaction" : "api/token_trc20/holders新",
    "sampleCount" : 50,
    "errorCount" : 0,
    "errorPct" : 0.0,
    "meanResTime" : 918.3399999999999,
    "minResTime" : 740.0,
    "maxResTime" : 1280.0,
    "pct1ResTime" : 1038.3,
    "pct2ResTime" : 1087.75,
    "pct3ResTime" : 1280.0,
    "throughput" : 0.24775410900189776,
    "receivedKBytesPerSec" : 0.28719153064966085,
    "sentKBytesPerSec" : 0.03508236895046404
  },
  "api/account新" : {
    "transaction" : "api/account新",
    "sampleCount" : 50,
    "errorCount" : 0,
    "errorPct" : 0.0,
    "meanResTime" : 1.1800000000000002,
    "minResTime" : 0.0,
    "maxResTime" : 2.0,
    "pct1ResTime" : 2.0,
    "pct2ResTime" : 2.0,
    "pct3ResTime" : 2.0,
    "throughput" : 0.24854847689493362,
    "receivedKBytesPerSec" : 0.02087418848922294,
    "sentKBytesPerSec" : 0.03228217522170524
  },
  "api/vote/witness" : {
    "transaction" : "api/vote/witness",
    "sampleCount" : 50,
    "errorCount" : 0,
    "errorPct" : 0.0,
    "meanResTime" : 72.04000000000002,
    "minResTime" : 57.0,
    "maxResTime" : 144.0,
    "pct1ResTime" : 77.5,
    "pct2ResTime" : 83.44999999999999,
    "pct3ResTime" : 144.0,
    "throughput" : 0.24846572415335302,
    "receivedKBytesPerSec" : 15.506250854100927,
    "sentKBytesPerSec" : 0.03396992322409124
  },
  "api/transfer新" : {
    "transaction" : "api/transfer新",
    "sampleCount" : 50,
    "errorCount" : 0,
    "errorPct" : 0.0,
    "meanResTime" : 1342.6,
    "minResTime" : 740.0,
    "maxResTime" : 5943.0,
    "pct1ResTime" : 2184.8,
    "pct2ResTime" : 3532.149999999997,
    "pct3ResTime" : 5943.0,
    "throughput" : 0.24808970923886078,
    "receivedKBytesPerSec" : 0.8600330191897391,
    "sentKBytesPerSec" : 0.03246486429492905
  },
  "api/vote/witness新" : {
    "transaction" : "api/vote/witness新",
    "sampleCount" : 50,
    "errorCount" : 0,
    "errorPct" : 0.0,
    "meanResTime" : 33.13999999999999,
    "minResTime" : 19.0,
    "maxResTime" : 481.0,
    "pct1ResTime" : 29.499999999999993,
    "pct2ResTime" : 73.4999999999997,
    "pct3ResTime" : 481.0,
    "throughput" : 0.24853612224000635,
    "receivedKBytesPerSec" : 15.618446801464374,
    "sentKBytesPerSec" : 0.03349412584875086
  },
  "api/trc10trc20-transfer" : {
    "transaction" : "api/trc10trc20-transfer",
    "sampleCount" : 50,
    "errorCount" : 0,
    "errorPct" : 0.0,
    "meanResTime" : 112.12,
    "minResTime" : 34.0,
    "maxResTime" : 680.0,
    "pct1ResTime" : 287.8,
    "pct2ResTime" : 367.99999999999983,
    "pct3ResTime" : 680.0,
    "throughput" : 0.2570324066458299,
    "receivedKBytesPerSec" : 2.3767967368450815,
    "sentKBytesPerSec" : 0.07881657781913144
  },
  "api/transfer" : {
    "transaction" : "api/transfer",
    "sampleCount" : 50,
    "errorCount" : 0,
    "errorPct" : 0.0,
    "meanResTime" : 634.2399999999997,
    "minResTime" : 534.0,
    "maxResTime" : 907.0,
    "pct1ResTime" : 780.0999999999999,
    "pct2ResTime" : 814.9499999999999,
    "pct3ResTime" : 907.0,
    "throughput" : 0.2483053162168202,
    "receivedKBytesPerSec" : 0.822593805092742,
    "sentKBytesPerSec" : 0.032978049810046435
  },
  "api/token_trc20/transfers" : {
    "transaction" : "api/token_trc20/transfers",
    "sampleCount" : 50,
    "errorCount" : 0,
    "errorPct" : 0.0,
    "meanResTime" : 132.74000000000004,
    "minResTime" : 30.0,
    "maxResTime" : 1058.0,
    "pct1ResTime" : 320.6999999999998,
    "pct2ResTime" : 810.8999999999992,
    "pct3ResTime" : 1058.0,
    "throughput" : 0.2513030060865588,
    "receivedKBytesPerSec" : 1.469779007277735,
    "sentKBytesPerSec" : 0.0677340133592678
  },
  "api/token" : {
    "transaction" : "api/token",
    "sampleCount" : 50,
    "errorCount" : 0,
    "errorPct" : 0.0,
    "meanResTime" : 14.960000000000003,
    "minResTime" : 13.0,
    "maxResTime" : 42.0,
    "pct1ResTime" : 14.899999999999999,
    "pct2ResTime" : 32.19999999999993,
    "pct3ResTime" : 42.0,
    "throughput" : 0.2488936676473077,
    "receivedKBytesPerSec" : 3.009571672665004,
    "sentKBytesPerSec" : 0.03232700956747258
  },
  "api/asset/transfer" : {
    "transaction" : "api/asset/transfer",
    "sampleCount" : 50,
    "errorCount" : 0,
    "errorPct" : 0.0,
    "meanResTime" : 591.38,
    "minResTime" : 527.0,
    "maxResTime" : 759.0,
    "pct1ResTime" : 671.0,
    "pct2ResTime" : 731.9,
    "pct3ResTime" : 759.0,
    "throughput" : 0.24897298643097227,
    "receivedKBytesPerSec" : 0.7804622339101208,
    "sentKBytesPerSec" : 0.034525550852732484
  },
  "api/witness新" : {
    "transaction" : "api/witness新",
    "sampleCount" : 50,
    "errorCount" : 0,
    "errorPct" : 0.0,
    "meanResTime" : 43.05999999999999,
    "minResTime" : 33.0,
    "maxResTime" : 133.0,
    "pct1ResTime" : 64.5,
    "pct2ResTime" : 77.49999999999996,
    "pct3ResTime" : 133.0,
    "throughput" : 0.24854847689493362,
    "receivedKBytesPerSec" : 17.3724705532192,
    "sentKBytesPerSec" : 0.03228217522170524
  },
  "api/token_trc20新" : {
    "transaction" : "api/token_trc20新",
    "sampleCount" : 50,
    "errorCount" : 0,
    "errorPct" : 0.0,
    "meanResTime" : 56.719999999999985,
    "minResTime" : 15.0,
    "maxResTime" : 641.0,
    "pct1ResTime" : 75.59999999999997,
    "pct2ResTime" : 442.6999999999988,
    "pct3ResTime" : 641.0,
    "throughput" : 0.24888003982080636,
    "receivedKBytesPerSec" : 1.85760756284221,
    "sentKBytesPerSec" : 0.03329742720258835
  },
  "api/token_trc20/transfers新" : {
    "transaction" : "api/token_trc20/transfers新",
    "sampleCount" : 50,
    "errorCount" : 0,
    "errorPct" : 0.0,
    "meanResTime" : 10619.72,
    "minResTime" : 2606.0,