{
  "api/tokenholders新" : {
    "transaction" : "api/tokenholders新",
    "sampleCount" : 50,
    "errorCount" : 0,
    "errorPct" : 0.0,
    "meanResTime" : 262.18000000000006,
    "minResTime" : 30.0,
    "maxResTime" : 2316.0,
    "pct1ResTime" : 1013.1999999999999,
    "pct2ResTime" : 1365.0499999999995,
    "pct3ResTime" : 2316.0,
    "throughput" : 0.2812686340470056,
    "receivedKBytesPerSec" : 0.37465861019542546,
    "sentKBytesPerSec" : 0.04971642847901174
  },
  "api/account/list  " : {
    "transaction" : "api/account/list  ",
    "sampleCount" : 50,
    "errorCount" : 0,
    "errorPct" : 0.0,
    "meanResTime" : 60.86,
    "minResTime" : 49.0,
    "maxResTime" : 93.0,
    "pct1ResTime" : 80.9,
    "pct2ResTime" : 85.0,
    "pct3ResTime" : 93.0,
    "throughput" : 0.2812496484379394,
    "receivedKBytesPerSec" : 0.24993865242043448,
    "sentKBytesPerSec" : 0.03845210037237454
  },
  "api/account/list新" : {
    "transaction" : "api/account/list新",
    "sampleCount" : 50,
    "errorCount" : 0,
    "errorPct" : 0.0,
    "meanResTime" : 246.70000000000005,
    "minResTime" : 16.0,
    "maxResTime" : 3444.0,
    "pct1ResTime" : 724.2999999999997,
    "pct2ResTime" : 1714.9499999999982,
    "pct3ResTime" : 3444.0,
    "throughput" : 0.28137310073157007,
    "receivedKBytesPerSec" : 0.3313827729319077,
    "sentKBytesPerSec" : 0.037919421778278
  },
  "api/trc10trc20-transfer新" : {
    "transaction" : "api/trc10trc20-transfer新",
    "sampleCount" : 50,
    "errorCount" : 0,
    "errorPct" : 0.0,
    "meanResTime" : 1370.4999999999998,
    "minResTime" : 44.0,
    "maxResTime" : 9876.0,
    "pct1ResTime" : 4812.4,
    "pct2ResTime" : 6058.649999999999,
    "pct3ResTime" : 9876.0,
    "throughput" : 0.29324653235975484,
    "receivedKBytesPerSec" : 3.5369999230227855,
    "sentKBytesPerSec" : 0.0893485528283628
  },
  "api/token新" : {
    "transaction" : "api/token新",
    "sampleCount" : 50,
    "errorCount" : 0,
    "errorPct" : 0.0,
    "meanResTime" : 295.15999999999997,
    "minResTime" : 90.0,
    "maxResTime" : 3088.0,
    "pct1ResTime" : 551.1999999999998,
    "pct2ResTime" : 1134.849999999997,
    "pct3ResTime" : 3088.0,
    "throughput" : 0.2811436925412578,
    "receivedKBytesPerSec" : 3.410240043998988,
    "sentKBytesPerSec" : 0.035966624729399196
  },
  "api/token_trc20/holders新" : {
    "transaction" : "api/token_trc20/holders新",
    "sampleCount" : 50,
    "errorCount" : 0,
    "errorPct" : 0.0,
    "meanResTime" : 761.2600000000001,
    "minResTime" : 470.0,
    "maxResTime" : 1480.0,
    "pct1ResTime" : 1040.1,
    "pct2ResTime" : 1350.25,
    "pct3ResTime" : 1480.0,
    "throughput" : 0.28041838422927007,
    "receivedKBytesPerSec" : 0.3250552950001402,
    "sentKBytesPerSec" : 0.03970768136059
  },
  "api/account新" : {
    "transaction" : "api/account新",
    "sampleCount" : 50,
    "errorCount" : 0,
    "errorPct" : 0.0,
    "meanResTime" : 1.0,
    "minResTime" : 0.0,
    "maxResTime" : 2.0,
    "pct1ResTime" : 1.8999999999999986,
    "pct2ResTime" : 2.0,
    "pct3ResTime" : 2.0,
    "throughput" : 0.28146021559852513,
    "receivedKBytesPerSec" : 0.023638260294407385,
    "sentKBytesPerSec" : 0.03655684440879282
  },
  "api/vote/witness" : {
    "transaction" : "api/vote/witness",
    "sampleCount" : 50,
    "errorCount" : 0,
    "errorPct" : 0.0,
    "meanResTime" : 73.22,
    "minResTime" : 69.0,
    "maxResTime" : 114.0,
    "pct1ResTime" : 81.9,
    "pct2ResTime" : 93.4499999999999,
    "pct3ResTime" : 114.0,
    "throughput" : 0.2813303549826419,
    "receivedKBytesPerSec" : 17.534936394723367,
    "sentKBytesPerSec" : 0.03846313447028307
  },
  "api/transfer新" : {
    "transaction" : "api/transfer新",
    "sampleCount" : 50,
    "errorCount" : 0,
    "errorPct" : 0.0,
    "meanResTime" : 1738.3,
    "minResTime" : 394.0,
    "maxResTime" : 6261.0,
    "pct1ResTime" : 2880.7,
    "pct2ResTime" : 4804.899999999998,
    "pct3ResTime" : 6261.0,
    "throughput" : 0.27983926032886713,
    "receivedKBytesPerSec" : 0.9671288561850073,
    "sentKBytesPerSec" : 0.03661959070709784
  },
  "api/vote/witness新" : {
    "transaction" : "api/vote/witness新",
    "sampleCount" : 50,
    "errorCount" : 0,
    "errorPct" : 0.0,
    "meanResTime" : 26.02,
    "minResTime" : 19.0,
    "maxResTime" : 121.0,
    "pct1ResTime" : 37.699999999999996,
    "pct2ResTime" : 51.19999999999993,
    "pct3ResTime" : 121.0,
    "throughput" : 0.28141269171239625,
    "receivedKBytesPerSec" : 17.674519839594765,
    "sentKBytesPerSec" : 0.037924757281553395
  },
  "api/trc10trc20-transfer" : {
    "transaction" : "api/trc10trc20-transfer",
    "sampleCount" : 50,
    "errorCount" : 0,
    "errorPct" : 0.0,
    "meanResTime" : 74.34000000000002,
    "minResTime" : 33.0,
    "maxResTime" : 680.0,
    "pct1ResTime" : 138.89999999999995,
    "pct2ResTime" : 268.9499999999997,
    "pct3ResTime" : 680.0,
    "throughput" : 0.29300079696216774,
    "receivedKBytesPerSec" : 2.7093989711277016,
    "sentKBytesPerSec" : 0.08984594750597721
  },
  "api/transfer" : {
    "transaction" : "api/transfer",
    "sampleCount" : 50,
    "errorCount" : 0,
    "errorPct" : 0.0,
    "meanResTime" : 623.94,
    "minResTime" : 538.0,
    "maxResTime" : 813.0,
    "pct1ResTime" : 761.2,
    "pct2ResTime" : 801.5,
    "pct3ResTime" : 813.0,
    "throughput" : 0.2803649229837557,
    "receivedKBytesPerSec" : 0.9215956426384583,
    "sentKBytesPerSec" : 0.03723596633378005
  },
  "api/token_trc20/transfers" : {
    "transaction" : "api/token_trc20/transfers",
    "sampleCount" : 50,
    "errorCount" : 0,
    "errorPct" : 0.0,
    "meanResTime" : 145.16,
    "minResTime" : 29.0,
    "maxResTime" : 2597.0,
    "pct1ResTime" : 145.29999999999998,
    "pct2ResTime" : 912.25,
    "pct3ResTime" : 2597.0,
    "throughput" : 0.28208426421140526,
    "receivedKBytesPerSec" : 1.6498072835567439,
    "sentKBytesPerSec" : 0.07603052433823031
  },
  "api/token" : {
    "transaction" : "api/token",
    "sampleCount" : 50,
    "errorCount" : 0,
    "errorPct" : 0.0,
    "meanResTime" : 17.26,
    "minResTime" : 13.0,
    "maxResTime" : 109.0,
    "pct1ResTime" : 26.0,
    "pct2ResTime" : 27.0,
    "pct3ResTime" : 109.0,
    "throughput" : 0.2812828749360081,
    "receivedKBytesPerSec" : 3.401215388142239,
    "sentKBytesPerSec" : 0.03653381090477449
  },
  "api/asset/transfer" : {
    "transaction" : "api/asset/transfer",
    "sampleCount" : 50,
    "errorCount" : 0,
    "errorPct" : 0.0,
    "meanResTime" : 616.3399999999999,
    "minResTime" : 539.0,
    "maxResTime" : 965.0,
    "pct1ResTime" : 745.5999999999999,
    "pct2ResTime" : 810.5499999999997,
    "pct3ResTime" : 965.0,
    "throughput" : 0.2810346571939251,
    "receivedKBytesPerSec" : 0.879418918691053,
    "sentKBytesPerSec" : 0.03897160285306384
  },
  "api/witness新" : {
    "transaction" : "api/witness新",
    "sampleCount" : 50,
    "errorCount" : 0,
    "errorPct" : 0.0,
    "meanResTime" : 43.65999999999999,
    "minResTime" : 33.0,
    "maxResTime" : 170.0,
    "pct1ResTime" : 67.69999999999999,
    "pct2ResTime" : 94.49999999999996,
    "pct3ResTime" : 170.0,
    "throughput" : 0.2813857686333656,
    "receivedKBytesPerSec" : 19.665655671048782,
    "sentKBytesPerSec" : 0.036547175027575804
  },
  "api/token_trc20新" : {
    "transaction" : "api/token_trc20新",
    "sampleCount" : 50,
    "errorCount" : 0,
    "errorPct" : 0.0,
    "meanResTime" : 110.76000000000002,
    "minResTime" : 14.0,
    "maxResTime" : 2247.0,
    "pct1ResTime" : 358.0999999999997,
    "pct2ResTime" : 850.0999999999998,
    "pct3ResTime" : 2247.0,
    "throughput" : 0.28127971016938663,
    "receivedKBytesPerSec" : 2.0994343992427953,
    "sentKBytesPerSec" : 0.037632148723833955
  },
  "api/token_trc20/transfers新" : {
    "transaction" : "api/token_trc20/transfers新",
    "sampleCount" : 50,
    "errorCount" : 0,
    "errorPct" : 0.0,
    "meanResTime" : 7998.4800000000005,
    "minResTime" : 3505.0,
    "maxResTime" : 14510.0,