{
  "Total" : {
    "transaction" : "Total",
    "sampleCount" : 2008,
    "errorCount" : 0,
    "errorPct" : 0.0,
    "meanResTime" : 175.27141434262924,
    "minResTime" : 14.0,
    "maxResTime" : 1066.0,
    "pct1ResTime" : 569.0,
    "pct2ResTime" : 619.0999999999999,
    "pct3ResTime" : 826.6400000000003,
    "throughput" : 28.30201976067316,
    "receivedKBytesPerSec" : 65.79212874300553,
    "sentKBytesPerSec" : 3.858845790638346
  },
  "api/block新接口不带参数" : {
    "transaction" : "api/block新接口不带参数",
    "sampleCount" : 502,
    "errorCount" : 0,
    "errorPct" : 0.0,
    "meanResTime" : 30.488047808764946,
    "minResTime" : 15.0,
    "maxResTime" : 163.0,
    "pct1ResTime" : 48.0,
    "pct2ResTime" : 61.849999999999966,
    "pct3ResTime" : 132.93999999999994,
    "throughput" : 7.145093797147656,
    "receivedKBytesPerSec" : 29.020966695963452,
    "sentKBytesPerSec" : 0.914069616627288
  },
  "api/block老接口" : {
    "transaction" : "api/block老接口",
    "sampleCount" : 502,
    "errorCount" : 0,
    "errorPct" : 0.0,
    "meanResTime" : 59.462151394422285,
    "minResTime" : 48.0,
    "maxResTime" : 182.0,
    "pct1ResTime" : 71.0,
    "pct2ResTime" : 87.5499999999999,
    "pct3ResTime" : 109.87999999999988,
    "throughput" : 7.139504785743746,
    "receivedKBytesPerSec" : 4.175914749050674,
    "sentKBytesPerSec" : 1.0335204282991766
  },
  "api/block老接口不带参数" : {
    "transaction" : "api/block老接口不带参数",
    "sampleCount" : 502,
    "errorCount" : 0,
    "errorPct" : 0.0,
    "meanResTime" : 590.9561752988046,
    "minResTime" : 518.0,
    "maxResTime" : 1066.0,
    "pct1ResTime" : 701.7,
    "pct2ResTime" : 792.1999999999996,
    "pct3ResTime" : 959.3099999999993,
    "throughput" : 7.088993701810376,
    "receivedKBytesPerSec" : 29.380238746045983,
    "sentKBytesPerSec" : 0.9207384397859182
  },
  "api/block新接口" : {
    "transaction" : "api/block新接口",
    "sampleCount" : 502,
    "errorCount" : 0,
    "errorPct" : 0.0,
    "meanResTime" : 20.179282868525913,
    "minResTime" : 14.0,
    "maxResTime" : 121.0,
    "pct1ResTime" : 30.69999999999999,
    "pct2ResTime" : 40.0,
    "pct3ResTime" : 78.63999999999965,
    "throughput" : 7.149673137453178,
    "receivedKBytesPerSec" : 3.628634921595716,
    "sentKBytesPerSec" : 1.0210282016862975
  }
}